Cement,Blast Furnace Slag,Fly Ash,Water,Superplasticizer,Age,Concrete compressive strength
0.3076151923284401,2.214117258750426,-0.847143931595683,-0.2987931141251081,0.4797524739854485,0.8543905915847354,1.7416865820100105
0.3602691323558334,1.6317610800039188,-0.847143931595683,-1.26027547672786,1.5209423212309643,2.1138271644760387,1.9333305411582171
0.9461638832061018,0.2549632731082531,-0.847143931595683,2.2505919382306714,-1.0911655411569086,-0.1531586667283072,0.4720453526531329
0.994031101412823,-0.8581924005520721,-0.847143931595683,0.2110838963460478,-1.0911655411569086,-1.0527562187935238,-1.264728027127501
0.0271132936370532,-0.6824309783951787,1.3571545093983517,-0.1288341106347228,-0.0865086710077266,-0.1531586667283072,0.473842014770147
0.0654070682024303,1.3915538030561645,-0.847143931595683,0.5024421880438512,-1.0911655411569086,-0.1531586667283072,0.1785905402074392
1.3769688470665933,0.3873702111331129,-0.847143931595683,-1.469082252444618,2.3064013288021434,-1.0527562187935238,0.0288686971229018
-1.1887140488136672,1.907120641383052,-0.847143931595683,0.5024421880438512,-1.0911655411569086,-1.0527562187935238,-1.5647706006689142
-0.9311884148615064,0.578364289876937,-0.847143931595683,1.0608789137979744,-1.0911655411569086,2.0778432623934298,-0.1969118422485802
-0.6449424499853132,0.291287300354011,-0.4641275358201238,0.0022771206292881,0.1326891915702767,2.4376822832195164,0.8475477351091525
1.7982003672857405,0.5150901779004555,-0.847143931595683,-2.129494380292972,0.0778897259257759,0.8543905915847354,2.0051970258387954
0.390904152008135,-0.8581924005520721,-0.847143931595683,1.0365990561564908,-1.0911655411569086,-0.1531586667283072,-0.3729847297159963
-0.6449424499853132,0.291287300354011,-0.4641275358201238,0.0022771206292881,0.1326891915702767,-1.0527562187935238,-1.3557589077228998
-1.1015957116774344,-0.8581924005520721,1.7057775961654935,-0.2502333988421409,-0.2691735564893961,-0.6569332958848285,-0.6191274397469758
-0.8699183755569032,-0.8581924005520721,1.1101480174288072,-0.9592052419734622,0.717216825111619,-1.0527562187935238,-1.5791438976050296
-1.6549407541471322,1.0447179299998943,-0.847143931595683,1.0608789137979744,-1.0911655411569086,-1.0527562187935238,-2.005551706709792
0.779585963846712,1.3564015186247855,-0.847143931595683,-0.8135260961245605,1.0277471304304568,-0.1531586667283072,2.124974500306425
-1.1686098171668442,1.3294514338940615,-0.847143931595683,-0.2939371425968117,0.9729476647859562,-0.1531586667283072,-0.1825385453124645
-0.2849809690707693,-0.8581924005520721,1.0022780937205884,0.546145931798522,-0.0317092053632258,0.8543905915847354,0.2067382467073326
-0.8536435213666181,2.5164269048602828,-0.847143931595683,0.5024421880438512,-1.0911655411569086,2.0778432623934298,0.8930631754068517
-1.0891502349436868,0.6639015153266253,1.163301313169089,-0.2987931141251081,0.333620565600113,-0.6569332958848285,-0.2400317330569272
-0.5626108346697527,-0.8581924005520721,0.6645983325470344,0.3713309567798402,-0.2691735564893961,-0.6569332958848285,-0.6808128390978052
1.400902456169954,-0.3016145637219095,-0.847143931595683,2.2505919382306714,-1.0911655411569086,-0.1531586667283072,0.4720453526531329
0.8982966649993804,-0.8581924005520721,-0.847143931595683,0.2110838963460478,-1.0911655411569086,-0.1531586667283072,0.1432561852394886
0.9413771613854296,0.913482734789414,-0.847143931595683,-1.3476829642372,1.8132061380016355,-0.9088206104630892,0.6756670592481037
-0.0399008118523564,-0.8581924005520721,-0.847143931595683,0.453882472760884,-1.0911655411569086,-0.1531586667283072,-0.1268420196850166
1.855641029133806,-0.8581924005520721,-0.847143931595683,2.2505919382306714,-1.0911655411569086,-0.1531586667283072,0.3660422877492802
-1.0412830167369655,-0.6988353777964887,1.8480408288821295,-1.2068597899165947,-0.3422395106820639,0.8543905915847354,0.0019187653676853
0.9653107704887902,-0.8581924005520721,-0.847143931595683,0.2110838963460478,-1.0911655411569086,-0.1531586667283072,0.0959440828247749
0.5555673826392561,-0.8581924005520721,-0.847143931595683,0.1965159817611571,-1.0911655411569086,-0.1531586667283072,-0.2346417467058838
-0.2026493537552088,0.3252678419710105,0.372255205975485,-0.5173118328984606,0.7354833136597858,-0.1531586667283072,0.8355699876623897
-1.0891502349436868,0.6639015153266253,1.163301313169089,-0.2987931141251081,0.333620565600113,-0.1531586667283072,0.3223235095685955
0.9461638832061018,-0.8581924005520721,-0.847143931595683,2.2505919382306714,-1.0911655411569086,-0.1531586667283072,1.0002640150553808
0.2760228283120039,-0.8581924005520721,-0.847143931595683,0.5024421880438512,-1.0911655411569086,-0.9088206104630892,-1.2473602933296946
1.0131779886955117,-0.6238438376762142,0.62238836240034,-1.197147846860002,1.5209423212309643,0.8543905915847354,1.229038991288554
1.9035082473405271,-0.8581924005520721,-0.847143931595683,0.5024421880438512,-1.0911655411569086,-1.0527562187935238,-0.684406163331834
-1.2997659950532603,-0.8581924005520721,1.949657423679727,0.9734714262886328,0.333620565600113,-0.1531586667283072,-1.5138651740201714
-1.265301597944421,0.9345741054482412,2.185720590055684,0.5024421880438512,0.3701535426964469,-0.1531586667283072,-0.6730273032574093
0.4722784229595611,1.1290834126352032,-0.847143931595683,0.6432653623644564,0.3884200312446138,-0.1531586667283072,1.2458078377140218
-0.0580903547709103,-0.8581924005520721,1.0507413927779043,-1.075748558652584,0.717216825111619,2.4376822832195164,1.3649864248093138
-0.8727904086493067,1.3681189467685784,-0.847143931595683,2.2505919382306714,-1.0911655411569086,-0.1531586667283072,0.6654859739183551
1.625878381741544,-0.8581924005520721,-0.847143931595683,-0.8086701245962641,0.9729476647859562,-0.1531586667283072,2.5741400295600374
1.9035082473405271,-0.8581924005520721,-0.847143931595683,0.5024421880438512,-1.0911655411569086,2.0778432623934298,1.1080637420762476
0.2750654839478693,0.8150563383815538,0.8912815055570592,-0.6727029218039553,2.945728427987986,-0.1531586667283072,0.1438550726118267
-1.5812252381087817,1.1689226683240992,-0.847143931595683,0.5024421880438512,-1.0911655411569086,2.0778432623934298,-0.2873438354716409
-1.255728154303077,1.9164945838980865,-0.847143931595683,-0.3813446301061519,1.0825465960749578,-0.1531586667283072,0.0965429701971129
-0.6621746485397331,-0.8581924005520721,1.1038946885181855,-1.1000284162940674,0.333620565600113,-1.0527562187935238,-0.9760643136605128
-1.249026743754136,-0.8581924005520721,2.049710686249669,-0.7261186086152203,1.7584066723571343,-0.1531586667283072,-1.3389900612974317
1.9035082473405271,-0.8581924005520721,-0.847143931595683,0.5024421880438512,-1.0911655411569086,-0.1531586667283072,0.4834242127275576
-0.8536435213666181,2.5164269048602828,-0.847143931595683,0.5024421880438512,-1.0911655411569086,-0.9088206104630892,-0.8586823886822356
-0.2849809690707693,-0.8581924005520721,1.0022780937205884,0.546145931798522,-0.0317092053632258,-0.1531586667283072,-0.152594176695557
-0.7770559722358641,1.4852932282065074,-0.847143931595683,0.4053227574779167,-1.0911655411569086,-0.1531586667283072,0.8044278443008057
0.4962120320629217,-0.8581924005520721,-0.847143931595683,0.5024421880438512,-1.0911655411569086,-1.0527562187935238,-1.2096303888723914
1.0131779886955117,-0.6238438376762142,0.62238836240034,-1.197147846860002,1.4478763670382968,0.8543905915847354,0.7277702606415225
0.9461638832061018,0.2549632731082531,-0.847143931595683,2.2505919382306714,-1.0911655411569086,2.0778432623934298,0.2839947177389539
2.094977120167412,-0.8581924005520721,-0.847143931595683,0.8909199103075891,-1.0911655411569086,-1.1247240229587412,-1.3880988258291598
0.0271132936370532,-0.6824309783951787,1.3571545093983517,-0.1288341106347228,-0.0865086710077266,0.8543905915847354,0.5211541171848612
0.334420834524204,1.6106697093450917,-0.847143931595683,0.1965159817611571,-1.0911655411569086,-0.9088206104630892,-0.6814117264701433
1.5780111635348226,-0.5769741251010426,0.3878885282520384,-0.9543492704451656,1.0277471304304568,-0.9088206104630892,0.1318773251650639
-0.6344116619798347,-0.2277947664160143,1.0585580539161812,-1.2651314482561562,0.662417359467118,0.8543905915847354,1.0865037966720743
0.779585963846712,1.3564015186247855,-0.847143931595683,-0.8135260961245605,1.0277471304304568,-1.0527562187935238,-0.031020040110913
-0.1452086919071432,0.4775944078403182,-0.847143931595683,2.2505919382306714,-1.0911655411569086,-0.1531586667283072,0.9529519126406668
1.5780111635348226,-0.5769741251010426,0.3878885282520384,-0.9543492704451656,1.0277471304304568,0.8543905915847354,1.1637602677036956
-0.4726204644411167,-0.8581924005520721,1.0538680572332149,-0.371632687049559,0.1326891915702767,0.8543905915847354,0.4121566154193179
-0.9551220239648672,-0.8581924005520721,1.763620888588741,-0.5852954342946151,0.2970875885037791,-0.6569332958848285,-0.8514957402141777
-0.6028192979633987,-0.2184208239009799,1.0882613662416325,-1.9838152344440705,1.0825465960749578,-0.6569332958848285,0.008506526463405
-0.0379861231240877,0.2877720719108732,-0.4641275358201238,-1.0174769003130235,0.954681176237789,-1.0527562187935238,-0.3214804156949155
-0.0399008118523564,-0.8581924005520721,-0.847143931595683,0.453882472760884,-1.0911655411569086,-0.6569332958848285,-0.8718579108736748
-0.2849809690707693,-0.8581924005520721,1.0022780937205884,0.3324831845534658,-0.0317092053632258,2.4376822832195164,0.4648587041850748
1.400902456169954,-0.3016145637219095,-0.847143931595683,2.2505919382306714,-1.0911655411569086,-0.1531586667283072,0.4307221239618002
0.779585963846712,1.3564015186247855,-0.847143931595683,-0.8135260961245605,1.0277471304304568,2.1138271644760387,2.604084398176945
-0.6344116619798347,-0.2277947664160143,1.0585580539161812,-1.2651314482561562,0.662417359467118,2.4376822832195164,1.2464067250863602
0.7451215667378724,-0.6355612658200072,1.3571545093983517,-1.3428269927089036,0.8998817105932884,-0.9088206104630892,-0.0040701083556961
0.6589605739657741,-0.8581924005520721,-0.847143931595683,0.2110838963460478,-1.0911655411569086,-0.9088206104630892,-0.9305488733628136
-1.1015957116774344,-0.8581924005520721,1.7057775961654935,-0.2502333988421409,-0.2691735564893961,2.4376822832195164,-0.1364242176424273
0.5536526939109873,-0.8581924005520721,-0.847143931595683,0.7452407644586874,-1.0911655411569086,-0.9088206104630892,-0.8892256446714814
0.994031101412823,-0.8581924005520721,-0.847143931595683,0.2110838963460478,-1.0911655411569086,-0.9088206104630892,-0.7544759858953977
-1.227007823379044,0.3369852701148034,-0.847143931595683,0.5024421880438512,-1.0911655411569086,2.0778432623934298,-0.5688209004705712
0.1400799286049156,-0.8581924005520721,-0.847143931595683,0.1965159817611571,-1.0911655411569086,-0.1531586667283072,-0.6346985114277678
1.0131779886955117,-0.6238438376762142,0.62238836240034,-1.197147846860002,1.4478763670382968,-0.1531586667283072,0.6505137896099012
-1.0278801956390835,0.2362153880781845,1.6526243004252117,-0.4541842030306027,0.6806838480152848,2.4376822832195164,0.9056398102259527
-1.2174343797377,1.180640096467892,2.045020689566703,2.2505919382306714,0.1874886572147775,-0.1531586667283072,-0.6874006001935249
0.1802883918985613,-0.8581924005520721,-0.847143931595683,0.1139644657801133,-1.0911655411569086,-0.1531586667283072,-0.5370798697366492
0.9413771613854296,0.913482734789414,-0.847143931595683,-1.3476829642372,1.8132061380016355,2.1138271644760387,1.2386211892459642
-1.5812252381087817,1.1689226683240992,-0.847143931595683,0.5024421880438512,-1.0911655411569086,-0.1531586667283072,-0.8065791872888165
-1.0948943011284933,2.073508121024911,-0.847143931595683,1.0608789137979744,-1.0911655411569086,-0.1531586667283072,-0.1118698353765629
-0.0399008118523564,-0.8581924005520721,-0.847143931595683,0.453882472760884,-1.0911655411569086,-1.0527562187935238,-1.464756409488443
-0.8277952235349888,-0.8581924005520721,0.7240049571979373,-0.556159605124835,0.2788210999556122,0.8543905915847354,0.4534798441106501
0.0749805118437745,-0.8581924005520721,-0.847143931595683,0.5024421880438512,-1.0911655411569086,-0.9088206104630892,-1.2707169008508823
0.505785475704266,-0.6519656652213172,1.6229209880997602,0.3567630421949495,1.703607206712634,-0.1531586667283072,0.509775257110436
0.3076151923284401,2.214117258750426,-0.847143931595683,-0.2987931141251081,0.4797524739854485,2.1138271644760387,1.8434974353074949
-0.412307769500648,-0.8581924005520721,0.6239516946279953,0.2450756970441243,0.1874886572147775,2.4376822832195164,0.5079785949934216
-1.1887140488136672,1.907120641383052,-0.847143931595683,0.5024421880438512,-1.0911655411569086,-0.1531586667283072,-0.1292375691743696
-1.3897563652818965,1.0400309587423773,1.12265467525005,-0.4687521176154934,0.7354833136597858,-0.1531586667283072,-0.4041268730775801
0.2760228283120039,0.8150563383815538,-0.847143931595683,-0.6678469502756588,0.7354833136597858,-0.1531586667283072,0.5678673322272365
0.9078701086407248,-0.8581924005520721,-0.847143931595683,1.5998917534389103,-1.0911655411569086,-0.6569332958848285,-0.6107430165342417
-1.0929796124002245,0.0253016814899124,1.763620888588741,-0.8572298398792313,0.35188705414828,-1.0527562187935238,-1.215619262595773
0.8982966649993804,0.2409023593357016,-0.847143931595683,-2.6733631914622062,3.183192779114156,-1.0527562187935238,-0.4083190846839472
0.0749805118437745,0.7119429707161762,-0.847143931595683,0.648121333892753,0.004823771733108,-0.1531586667283072,0.6241627452270229
1.0409409752554095,1.3564015186247855,-0.847143931595683,-1.7361606865009378,2.927461939439819,-0.9088206104630892,1.393733018681545
2.0088161273953142,-0.5535392688134568,1.0757547084203898,0.9394796255905564,-0.3787724877783978,-0.1531586667283072,1.3236631961179814
0.0864686442133875,1.4091299452718535,-0.847143931595683,0.1965159817611571,-1.0911655411569086,-0.1531586667283072,-0.1663685862593347
0.779585963846712,1.3564015186247855,-0.847143931595683,-0.8135260961245605,1.0277471304304568,-0.9088206104630892,-0.7736403818102184
-0.8277952235349888,-0.8581924005520721,0.7240049571979373,-0.556159605124835,0.2788210999556122,-1.0527562187935238,-1.4156476449567148
1.5109970580454128,1.2157923808992708,-0.847143931595683,0.2110838963460478,0.936414687689622,-1.0527562187935238,0.2085349088243467
-0.2036066981193434,0.3205808707134933,0.3785085348861065,-0.5367357190116478,0.8085492678524536,-0.1531586667283072,0.8355699876623897
-1.3131688161511423,1.1337703838927204,1.232087931185924,0.5024421880438512,0.3701535426964469,-0.1531586667283072,-0.356215883290528
-0.059047699135045,-0.8581924005520721,-0.847143931595683,0.0654047504971461,-1.0911655411569086,-0.9088206104630892,-1.2946723957444086
-1.715253449087601,0.9345741054482412,-0.847143931595683,0.5024421880438512,-1.0911655411569086,-0.9088206104630892,-1.685146962508882
-0.7904587933337461,0.6931950856861075,-0.847143931595683,0.5024421880438512,-1.0911655411569086,-0.1531586667283072,-0.4670100471730858
2.2481522184289204,-0.8581924005520721,-0.847143931595683,-0.9543492704451656,0.4249530083409479,-0.1531586667283072,0.3325045948983437
-0.2457298501412579,1.1372856123358586,-0.847143931595683,0.1965159817611571,-1.0911655411569086,-0.9088206104630892,-1.112610634553611
-0.4180518356854545,1.9246967835987407,-0.847143931595683,2.2505919382306714,-1.0911655411569086,-0.1531586667283072,0.1905682876542024
1.855641029133806,0.533838062930524,-0.847143931595683,-0.0268587085404918,0.5345519396299495,2.1138271644760387,2.2980529509121506
-0.6478144830777166,-0.8581924005520721,1.8761808089799257,-1.0903164732374746,1.0460136189786238,-1.0527562187935238,-1.2102292762447295
0.4770651447802332,-0.8581924005520721,-0.847143931595683,0.5024421880438512,-1.0911655411569086,2.0778432623934298,0.0845652227503497
-1.0278801956390835,0.2362153880781845,1.6526243004252117,-0.4541842030306027,0.6806838480152848,-0.6569332958848285,-0.3753802792053489
-1.2748750415857653,1.1923575246116849,-0.847143931595683,-0.5173118328984606,-0.7258357701935697,-0.1531586667283072,-0.5328876581302822
0.3842027414591941,1.0658093006587217,-0.847143931595683,0.4296026151194003,-0.2509070679412292,-0.1531586667283072,1.281741080054311
-1.227007823379044,0.3369852701148034,-0.847143931595683,0.5024421880438512,-1.0911655411569086,-0.9088206104630892,-1.64382373381755
0.6493871303244299,-0.8581924005520721,-0.847143931595683,0.5024421880438512,-1.0911655411569086,-1.0527562187935238,-1.1946582045639378
-0.6573879267190609,-0.8581924005520721,0.7224416249702821,-1.0854605017091767,0.4980189625336154,0.8543905915847354,0.4031733048342453
-0.0580903547709103,-0.8581924005520721,1.0507413927779043,-1.075748558652584,0.717216825111619,-0.6569332958848285,0.1767938780904251
0.9461638832061018,-0.8581924005520721,-0.847143931595683,2.2505919382306714,-1.0911655411569086,2.0778432623934298,1.0236206225765685
-1.6549407541471322,1.0447179299998943,-0.847143931595683,1.0608789137979744,-1.0911655411569086,-0.1531586667283072,-0.9119833648203308
-0.2763648697935594,-0.8581924005520721,0.6974283093277965,-1.7167368003877508,1.5026758326827974,-1.0527562187935238,-0.8407157675120911
0.6493871303244299,-0.8581924005520721,-0.847143931595683,0.5024421880438512,-1.0911655411569086,-0.1531586667283072,-0.1855329821741555
-1.1015957116774344,-0.8581924005520721,1.7057775961654935,-0.2502333988421409,-0.2691735564893961,0.8543905915847354,-0.4304779174604587
0.779585963846712,1.3564015186247855,-0.847143931595683,-0.8135260961245605,1.0277471304304568,2.1138271644760387,2.604084398176945
1.7982003672857405,0.5150901779004555,-0.847143931595683,-2.129494380292972,0.0778897259257759,-0.9088206104630892,1.1427992096718602
0.0271132936370532,-0.6824309783951787,1.3571545093983517,-0.1288341106347228,-0.0865086710077266,-0.9088206104630892,-0.6999772350126261
-1.355291968173057,1.5954370527581605,-0.847143931595683,0.5024421880438512,-1.0911655411569086,-1.0527562187935238,-1.6623892423600322
-0.0379861231240877,0.2877720719108732,-0.4641275358201238,-1.0174769003130235,0.954681176237789,-0.1531586667283072,1.6362824044784956
-0.9311884148615064,0.578364289876937,-0.847143931595683,1.0608789137979744,-1.0911655411569086,-0.9088206104630892,-1.4988929897117176
0.3047431592360367,1.0283135305985844,-0.847143931595683,-0.17739382591769,0.7354833136597858,-0.1531586667283072,0.9954729160766752
0.1534827497027973,-0.8581924005520721,0.9897714358993458,-0.3327849148231846,0.6441508709189511,-0.6569332958848285,0.0701919258142344
-0.2849809690707693,-0.8581924005520721,1.0022780937205884,0.546145931798522,-0.0317092053632258,-0.6569332958848285,-0.9035989416075968
0.5555673826392561,-0.8581924005520721,-0.847143931595683,0.1965159817611571,-1.0911655411569086,-0.9088206104630892,-0.8766490098523801
-1.1025530560415688,2.188338916834081,-0.847143931595683,0.0654047504971461,1.283477970104794,-0.1531586667283072,0.1252895640693439
-0.8660889981003658,-0.8581924005520721,1.1132746818841182,-0.9494932989168692,0.333620565600113,2.4376822832195164,0.2845936051112919
-0.4132651138647824,-0.8581924005520721,-0.847143931595683,0.2110838963460478,-1.0911655411569086,-0.9088206104630892,-1.4234331807971106
0.8887232213580362,1.358745004253544,-0.847143931595683,-0.5610155766531314,0.7537498022079527,-0.9088206104630892,0.6217671957376703
-0.6746201252734807,2.845686635700863,-0.847143931595683,0.1965159817611571,-1.0911655411569086,-0.1531586667283072,0.1193006903459627
-0.8727904086493067,1.3681189467685784,-0.847143931595683,2.2505919382306714,-1.0911655411569086,-0.1531586667283072,0.3019613389090982
-1.5180405100759096,1.2966426350914415,-0.847143931595683,1.0608789137979744,-1.0911655411569086,2.0778432623934298,-0.1573852756742626
-0.9551220239648672,-0.8581924005520721,1.763620888588741,-0.5852954342946151,0.2970875885037791,-1.0527562187935238,-1.3294078633400213
0.2185821664639383,0.7822475395789336,-0.847143931595683,1.5707559242691302,0.004823771733108,-0.1531586667283072,-0.1436108661104849
-0.9876717323454376,0.6627297725122461,1.0069680904035545,-0.085130366880052,-0.4335719534228985,-0.1531586667283072,0.2001504856116126
0.4071790061984201,2.45549627851256,-0.847143931595683,0.1042525227235204,0.7902827793042868,0.8543905915847354,2.657984261687379
1.855641029133806,0.533838062930524,-0.847143931595683,-0.0268587085404918,0.5345519396299495,-1.0527562187935238,0.1187018029736243
0.6589605739657741,-0.8581924005520721,-0.847143931595683,1.0365990561564908,-1.0911655411569086,2.0778432623934298,-0.2675805521844819
-1.112126499682913,0.6474971159253152,1.218017941137026,-0.3182170002382953,0.3884200312446138,0.8543905915847354,1.0721304997359586
-0.5626108346697527,-0.8581924005520721,0.6645983325470344,0.3713309567798402,-0.2691735564893961,2.4376822832195164,0.292978028324026
-0.4726204644411167,-0.8581924005520721,1.0538680572332149,-0.371632687049559,0.1326891915702767,-0.1531586667283072,-0.1250453575680025
-0.6449424499853132,0.291287300354011,-0.4641275358201238,0.0022771206292881,0.1326891915702767,-0.1531586667283072,0.2642314344517946
1.0131779886955117,-0.6238438376762142,0.62238836240034,-1.197147846860002,1.0277471304304568,-0.1531586667283072,0.6505137896099012
-0.3979476040386316,-0.6004089813886284,-0.847143931595683,0.1965159817611571,-1.0911655411569086,-0.1531586667283072,0.2169193320370808
0.3076151923284401,2.214117258750426,-0.847143931595683,-0.2987931141251081,0.4797524739854485,-0.1531586667283072,1.4362540221175533
-1.1599937178896342,1.344684090480993,1.435321120781119,1.0365990561564908,0.9181481991414552,-0.1531586667283072,-0.1783463337060975
1.367395403425249,-0.6004089813886284,1.2164546089093708,-0.6629909787473623,0.5345519396299495,-1.0527562187935238,-0.2220651118867826
-0.8392833559046018,2.5422052467766267,-0.847143931595683,0.1965159817611571,-1.0911655411569086,-0.9088206104630892,-1.1150061840429637
2.305592880276986,-0.8581924005520721,-0.847143931595683,-1.7313047149726415,-1.0911655411569086,-0.9088206104630892,0.8798876532154125
1.3769688470665933,0.3873702111331129,-0.847143931595683,-1.3671068503503871,1.922805069290637,-0.1531586667283072,1.4655995033621227
0.8887232213580362,1.358745004253544,-0.847143931595683,-0.5610155766531314,0.7537498022079527,-0.1531586667283072,1.513510493149175
1.5780111635348226,-0.5769741251010426,0.3878885282520384,-0.9543492704451656,1.0277471304304568,-0.1531586667283072,0.9104309092046584
0.2760228283120039,-0.8581924005520721,-0.847143931595683,0.5024421880438512,-1.0911655411569086,-0.1531586667283072,-0.4783889072475107
-0.7904587933337461,0.6931950856861075,-0.847143931595683,0.5024421880438512,-1.0911655411569086,-1.0527562187935238,-1.5983082935198505
-0.2964691014403826,1.0962746138325834,-0.847143931595683,1.0608789137979744,-1.0911655411569086,-1.0527562187935238,-1.562375051179561
-1.2260504790149096,0.840834680297898,0.9194214856548554,-0.1531139682762064,0.3701535426964469,-0.1531586667283072,-0.5742108868216146
-0.5961178874144576,-0.8581924005520721,1.0929513629245986,-1.124308273935551,0.9729476647859562,-1.0527562187935238,-1.2263992352978594
-0.6621746485397331,-0.8581924005520721,1.1038946885181855,-1.1000284162940674,0.333620565600113,2.4376822832195164,0.7187869500564503
0.6493871303244299,-0.8581924005520721,-0.847143931595683,0.5024421880438512,-1.0911655411569086,-1.0527562187935238,-1.243766969095666
-0.6478144830777166,-0.8581924005520721,1.8761808089799257,-1.3136911635391235,1.0460136189786238,-1.0527562187935238,-1.104825098713215
-0.8277952235349888,-0.8581924005520721,0.7240049571979373,-0.779534295426484,0.2788210999556122,-0.6569332958848285,-0.6484729209915452
2.394625906141487,-0.8581924005520721,-0.847143931595683,-1.9352555191611036,0.0778897259257759,-0.9088206104630892,0.6636893118013405
-0.0494742554937007,0.5010292641279039,0.5598550732941263,-0.0802743953517555,0.5528184281781163,-0.1531586667283072,0.5067808202487455
0.2760228283120039,-0.8581924005520721,-0.847143931595683,0.5024421880438512,-1.0911655411569086,-1.0527562187935238,-1.4354109282438736
0.994031101412823,-0.8581924005520721,-0.847143931595683,0.2110838963460478,-1.0911655411569086,-0.1531586667283072,-0.2675805521844819
-0.6564305823549266,-0.8581924005520721,0.7224416249702821,-1.0806045301808802,0.8085492678524536,2.4376822832195164,0.7139958510777453
-0.8277952235349888,-0.8581924005520721,0.7240049571979373,-0.556159605124835,0.2788210999556122,-0.1531586667283072,0.0869607722397027
-1.5180405100759096,1.2966426350914415,-0.847143931595683,1.0608789137979744,-1.0911655411569086,-1.0527562187935238,-1.9462618568483152
-0.0389434674882218,-0.8581924005520721,0.6755416581406218,-1.02233287184132,1.064280107526791,-1.0527562187935238,-0.7592670848741028
0.1534827497027973,-0.8581924005520721,0.9897714358993458,-0.3327849148231846,0.6441508709189511,-0.1531586667283072,0.693633680418248
-0.4324120011474709,-0.8581924005520721,-0.847143931595683,0.5510019033268184,-1.0911655411569086,-0.9088206104630892,-1.5468039794987694
-1.1580790291613656,1.344684090480993,1.4415744496917404,1.0463109992130837,0.9729476647859562,-0.1531586667283072,-0.0304211527385746
1.3769688470665933,0.3873702111331129,-0.847143931595683,-1.3671068503503871,1.922805069290637,0.8543905915847354,1.7057533396697206
1.0284954985216626,0.2795698722102182,-0.847143931595683,-1.153444103105331,1.1190795731712917,-0.1531586667283072,0.8912665132898376
2.3343132112010188,-0.8581924005520721,-0.847143931595683,0.3567630421949495,-1.0911655411569086,-0.6569332958848285,0.753522417652063
0.4291979265735119,1.0869006713175489,-0.847143931595683,-0.371632687049559,0.5528184281781163,-0.1531586667283072,1.5218949163619089
0.4914253102422496,0.8115411099384158,-0.847143931595683,2.2505919382306714,-1.0911655411569086,-0.1531586667283072,0.2372815026965781
-0.6478144830777166,-0.8581924005520721,1.8761808089799257,-1.3136911635391235,1.0460136189786238,2.4376822832195164,1.406309653500646
-1.2097756248246243,-0.8581924005520721,1.385294489496148,0.5655698179117091,0.5710849167262833,-0.1531586667283072,-1.3988787985312463
1.3769688470665933,0.3873702111331129,-0.847143931595683,-1.469082252444618,2.3064013288021434,0.8543905915847354,1.7416865820100105
-0.2849809690707693,-0.8581924005520721,1.0022780937205884,0.546145931798522,-0.0317092053632258,2.4376822832195164,0.2594403354730895
-0.4515588884301594,0.96972638987962,-0.847143931595683,0.3567630421949495,-0.0134427168150588,-0.1531586667283072,0.2085349088243467
-1.715253449087601,0.9345741054482412,-0.847143931595683,0.5024421880438512,-1.0911655411569086,2.0778432623934298,-0.620325214491652
-0.3069998894458612,-0.8581924005520721,0.6974283093277965,-1.1437321600487382,1.2469449930084604,-0.6569332958848285,-0.4274834805987679
1.855641029133806,-0.8581924005520721,-0.847143931595683,2.2505919382306714,-1.0911655411569086,-0.1531586667283072,0.4073655164406124
-1.2461547106617326,-0.8581924005520721,2.0293873672901497,-0.7115506940303296,1.1008130846231248,-0.1531586667283072,-1.212624825734082
-1.260514876123749,1.907120641383052,-0.847143931595683,-0.2842251995402174,1.2104120159121263,-0.1531586667283072,-0.1711596852380398
0.2281556101052826,-0.8581924005520721,0.7161882960596606,0.6966810491757202,0.7354833136597858,-0.1531586667283072,-0.3412436989820743
-1.112126499682913,0.6474971159253152,1.218017941137026,-0.3182170002382953,0.3884200312446138,-1.0527562187935238,-0.9820531873838944
1.9035082473405271,-0.8581924005520721,-0.847143931595683,0.5024421880438512,-1.0911655411569086,-0.1531586667283072,0.4864186495892482
0.3047431592360367,0.840834680297898,-0.847143931595683,-0.17739382591769,0.3701535426964469,-0.1531586667283072,0.5133685813444651
1.855641029133806,-0.8581924005520721,-0.847143931595683,2.2505919382306714,-1.0911655411569086,2.0778432623934298,0.3840089089194246
0.779585963846712,1.3564015186247855,-0.847143931595683,-0.8135260961245605,1.0277471304304568,2.1138271644760387,2.604084398176945
-0.412307769500648,-0.8581924005520721,0.6239516946279953,0.2450756970441243,0.1874886572147775,-0.6569332958848285,-0.6065508049278746
0.3076151923284401,-0.8581924005520721,0.9194214856548554,-0.1531139682762064,0.3701535426964469,-0.1531586667283072,0.0588130657398093
-1.6549407541471322,1.0447179299998943,-0.847143931595683,1.0608789137979744,-1.0911655411569086,-0.9088206104630892,-1.6827514130195296
0.4770651447802332,-0.8581924005520721,-0.847143931595683,0.5024421880438512,-1.0911655411569086,-0.9088206104630892,-1.1713015970427496
-1.265301597944421,0.5244641204154897,0.5911217178472331,0.0654047504971461,0.1874886572147775,-0.1531586667283072,-0.7365093647252532
0.9413771613854296,0.913482734789414,-0.847143931595683,-1.3476829642372,1.8132061380016355,0.8543905915847354,1.1427992096718602
-0.9551220239648672,-0.8581924005520721,1.763620888588741,-0.5852954342946151,0.2970875885037791,0.8543905915847354,-0.0148500810577828
-0.5377198812022578,-0.8581924005520721,-0.847143931595683,-0.0317146800687883,-1.0911655411569086,-0.1531586667283072,-1.1066217608302296
0.9595667043039836,-0.8581924005520721,-0.847143931595683,0.1965159817611571,-1.0911655411569086,-0.1531586667283072,-0.7981947640760826
0.9653107704887902,-0.8581924005520721,-0.847143931595683,0.2110838963460478,-1.0911655411569086,-0.9088206104630892,-1.4581686483927234
0.5823730248350201,-0.4129301310879421,-0.847143931595683,2.2505919382306714,-1.0911655411569086,-0.1531586667283072,1.217061243841791
0.3602691323558334,1.6317610800039188,-0.847143931595683,-1.26027547672786,1.5209423212309643,-0.1531586667283072,1.1787324520121492
-0.3069998894458612,-0.8581924005520721,0.6974283093277965,-1.1437321600487382,1.2469449930084604,0.8543905915847354,0.3720311614726618
-0.6573879267190609,-0.8581924005520721,0.7224416249702821,-1.0854605017091767,0.4980189625336154,-0.6569332958848285,-0.5694197878429095
-1.3169981936076802,-0.8581924005520721,1.8871241345735128,-1.1291642454638475,2.178535908964974,-0.1531586667283072,-1.2216081363191542
-1.1159558771394509,-0.8581924005520721,1.504107738797954,-0.0025788508990082,1.0460136189786238,-0.1531586667283072,-1.0652985321388972
-0.4534735771584282,-0.8581924005520721,0.631768355766272,0.7889445082133582,-0.2509070679412292,-0.6569332958848285,-0.8191558221079177
0.5431219059055084,1.3564015186247855,-0.847143931595683,-0.3279289432948882,0.6441508709189511,-0.9088206104630892,-0.0429977875576758
0.6589605739657741,-0.8581924005520721,-0.847143931595683,0.2110838963460478,-1.0911655411569086,-0.1531586667283072,-0.091507664717066
-0.4324120011474709,-0.8581924005520721,-0.847143931595683,0.5995616186097856,-1.0911655411569086,-0.6569332958848285,-1.376121078382397
1.5109970580454128,1.2157923808992708,-0.847143931595683,0.2110838963460478,0.936414687689622,2.1138271644760387,2.244751974774055
0.0883833329416563,-0.8581924005520721,0.6567816714087577,-0.6581350072190659,0.6258843823707843,-0.1531586667283072,-0.0645577329618491
0.6493871303244299,-0.8581924005520721,-0.847143931595683,0.5024421880438512,-1.0911655411569086,2.0778432623934298,0.2199137688987718
1.1089124251089542,-0.8581924005520721,-0.847143931595683,0.2110838963460478,-1.0911655411569086,-0.1531586667283072,0.0671974889525434
2.4779148658211825,-0.8581924005520721,-0.847143931595683,-0.4201924023325262,-1.0911655411569086,2.0778432623934298,2.026756971242969
-1.3390171139827718,1.6259023659320224,-0.847143931595683,1.0608789137979744,-1.0911655411569086,2.0778432623934298,0.23009485422852
0.6493871303244299,-0.8581924005520721,-0.847143931595683,0.5024421880438512,-1.0911655411569086,-0.1531586667283072,0.3780200351960434
-0.7579090849531755,-0.7293006909703503,1.3571545093983517,1.1822782020053924,-0.7806352358380705,-0.9088206104630892,-1.2425691943509896
-0.5961178874144576,-0.8581924005520721,1.0929513629245986,-1.124308273935551,0.9729476647859562,0.8543905915847354,0.0869607722397027
1.400902456169954,-0.3016145637219095,-0.847143931595683,2.2505919382306714,-1.0911655411569086,-0.9088206104630892,-0.0441955623023523
-1.3524199350806538,0.6955385713148661,0.767778259572287,0.9054878248924798,0.2605546114074453,-0.1531586667283072,0.037253120335636
0.779585963846712,1.3564015186247855,-0.847143931595683,-0.8135260961245605,1.0277471304304568,0.8543905915847354,2.484306923709315
0.0271132936370532,0.5443837482599377,-0.847143931595683,-0.6484230641624716,0.2240216343111114,-0.1531586667283072,0.3061535505154653
2.394625906141487,-0.8581924005520721,-0.847143931595683,-1.9352555191611036,0.0778897259257759,2.1138271644760387,1.4003207797772648
-1.355291968173057,1.5954370527581605,-0.847143931595683,0.5024421880438512,-1.0911655411569086,2.0778432623934298,0.2121282330583757
1.367395403425249,-0.6004089813886284,1.2164546089093708,-0.17739382591769,0.4614859854372816,0.8543905915847354,1.789597571797062
-0.4180518356854545,1.9246967835987407,-0.847143931595683,2.2505919382306714,-1.0911655411569086,-0.9088206104630892,-0.5724142247046
0.715443891449705,-0.8581924005520721,1.3665345027642837,0.5655698179117091,0.9181481991414552,-0.1531586667283072,0.3025602262814362
0.3047431592360367,-0.8581924005520721,0.9194214856548554,-0.17739382591769,0.3701535426964469,-0.1531586667283072,0.0588130657398093
-0.7579090849531755,-0.7293006909703503,1.3571545093983517,1.1822782020053924,-0.7806352358380705,-0.1531586667283072,-0.8293369074376664
-1.5812252381087817,1.1689226683240992,-0.847143931595683,0.5024421880438512,-1.0911655411569086,-0.9088206104630892,-1.540815105775388
1.5780111635348226,-0.5769741251010426,0.3878885282520384,-0.9543492704451656,1.0277471304304568,-0.9088206104630892,0.2085349088243467
-0.2849809690707693,-0.8581924005520721,1.0022780937205884,0.3324831845534658,0.0778897259257759,2.4376822832195164,0.5025886086423784
2.094977120167412,-0.8581924005520721,-0.847143931595683,0.8909199103075891,-1.0911655411569086,-0.6569332958848285,0.0671974889525434
-0.1547821355484875,0.4424421234089395,0.4973217841879125,0.648121333892753,0.004823771733108,-0.1531586667283072,0.3426856802280923
-1.0834061687588803,-0.3648886756983912,1.71359425730377,0.1625241810630805,-0.0499756939113927,-0.6569332958848285,-1.0778751669579985
0.9461638832061018,0.2549632731082531,-0.847143931595683,2.2505919382306714,-1.0911655411569086,-0.1531586667283072,0.3193290727069045
0.2760228283120039,-0.8581924005520721,-0.847143931595683,0.5024421880438512,-1.0911655411569086,-0.1531586667283072,0.0905540964737313
-1.0307522287314868,-0.2711492505480479,1.8652374833863383,-0.8183820676528569,0.0961562144739427,-0.1531586667283072,0.1426572978671506
-1.238495955748657,1.228681551857443,1.321197868162279,-0.687270836388846,2.251601863157642,-0.1531586667283072,0.0318631339845928
-0.6344116619798347,-0.2277947664160143,1.0585580539161812,-1.2651314482561562,0.662417359467118,-1.0527562187935238,-1.0658974195112354
-0.6458997943494479,0.291287300354011,-0.4641275358201238,0.0022771206292881,0.1692221686666106,-1.0527562187935238,-1.0670951942559117
0.4914253102422496,0.8115411099384158,-0.847143931595683,2.2505919382306714,-1.0911655411569086,2.0778432623934298,0.1139107039949192
0.0654070682024303,1.3915538030561645,-0.847143931595683,0.5024421880438512,-1.0911655411569086,-1.0527562187935238,-1.180284907627822
-1.202116869911549,1.995001352461499,-0.847143931595683,-0.0657064807668648,0.8633487334969543,-0.1531586667283072,0.0923507585907458
0.9078701086407248,-0.8581924005520721,-0.847143931595683,1.5998917534389103,-1.0911655411569086,-1.0527562187935238,-1.1701038222980733
-0.8277952235349888,-0.8581924005520721,0.7240049571979373,-0.556159605124835,0.2788210999556122,2.4376822832195164,0.5067808202487455
0.1620988489800075,-0.8581924005520721,0.8256215519955347,0.2305077824592349,0.0230902602812749,-0.1531586667283072,0.4085632911852889
-1.227007823379044,0.840834680297898,0.9194214856548554,-0.17739382591769,0.3701535426964469,-0.1531586667283072,-0.5742108868216146
0.6493871303244299,-0.8581924005520721,-0.847143931595683,0.5024421880438512,-1.0911655411569086,2.0778432623934298,0.289983591462335
2.4779148658211825,-0.8581924005520721,-0.847143931595683,-0.4201924023325262,-1.0911655411569086,-0.1531586667283072,2.2968551761674747
-0.8277952235349888,-0.8581924005520721,0.7240049571979373,-0.779534295426484,0.2788210999556122,-1.0527562187935238,-1.399477685903585
-0.1835024664725203,0.4424421234089395,0.4973217841879125,0.648121333892753,-0.1778411137485613,-0.1531586667283072,-0.1256442449403406
-1.3035953725097982,-0.8581924005520721,1.2477212534624775,-0.0317146800687883,0.9181481991414552,-0.1531586667283072,-1.3545611329782234
2.0088161273953142,-0.5535392688134568,1.0757547084203898,1.3765170631372614,-0.3787724877783978,0.8543905915847354,1.4236773872984525
0.0587056576534894,0.5537576907749721,0.6208250301726848,0.2887794407987951,0.5893514052744502,-0.1531586667283072,0.478034226376514
0.1611415046158728,-0.8581924005520721,0.8256215519955347,1.3765170631372614,0.9181481991414552,-0.1531586667283072,-0.2364384088228981
-0.7435489194911592,0.731862598560624,-0.847143931595683,0.1965159817611571,-1.0911655411569086,-0.1531586667283072,-0.7898103408633484
0.3516530330786233,-0.8581924005520721,1.1304713363883268,1.3619491485523707,-0.0499756939113927,-0.1531586667283072,0.2540503491220464
-1.715253449087601,0.9345741054482412,-0.847143931595683,0.5024421880438512,-1.0911655411569086,-0.1531586667283072,-1.1102150850642585
0.8887232213580362,1.358745004253544,-0.847143931595683,-0.5610155766531314,0.7537498022079527,2.1138271644760387,1.7416865820100105
0.6493871303244299,-0.8581924005520721,-0.847143931595683,0.5024421880438512,-1.0911655411569086,-0.9088206104630892,-1.6054949419879083
0.779585963846712,1.3564015186247855,-0.847143931595683,-0.8135260961245605,1.0277471304304568,0.8543905915847354,2.484306923709315
0.231027643197686,1.5263042267097828,-0.847143931595683,1.0608789137979744,-1.0911655411569086,2.0778432623934298,1.124832588501716
0.4770651447802332,-0.8581924005520721,-0.847143931595683,0.5024421880438512,-1.0911655411569086,3.1573603248716897,0.2133260078030522
0.4770651447802332,-0.8581924005520721,-0.847143931595683,0.5024421880438512,-1.0911655411569086,-0.1531586667283072,-0.2615916784611005
0.779585963846712,1.3564015186247855,-0.847143931595683,-0.8135260961245605,1.0277471304304568,-0.9088206104630892,1.202687946905675
-1.0834061687588803,-0.3648886756983912,1.71359425730377,0.1625241810630805,-0.0499756939113927,-0.1531586667283072,-0.6933894739169064
-1.5180405100759096,1.2966426350914415,-0.847143931595683,1.0608789137979744,-1.0911655411569086,-0.9088206104630892,-1.525244034094596
1.3769688470665933,0.3873702111331129,-0.847143931595683,-1.3671068503503871,1.922805069290637,-0.9088206104630892,0.8014334074391152
-0.9876717323454376,0.6627297725122461,1.0069680904035545,-0.085130366880052,-0.4335719534228985,-0.6569332958848285,-0.0945021015787566
-1.112126499682913,-0.8581924005520721,1.3978011473173906,-0.8669417829358241,-1.0911655411569086,-0.6569332958848285,-1.1341705799577846
0.1419946173331843,-0.8581924005520721,-0.847143931595683,0.5024421880438512,-1.0911655411569086,-0.9088206104630892,-1.2946723957444086
0.9595667043039836,-0.8581924005520721,-0.847143931595683,0.1965159817611571,-1.0911655411569086,-0.9088206104630892,-1.2743102250849114
0.2760228283120039,-0.8581924005520721,-0.847143931595683,0.5024421880438512,-1.0911655411569086,-0.1531586667283072,-0.4729989208964672
-1.035538950552159,0.5010292641279039,-0.847143931595683,0.5024421880438512,-1.0911655411569086,-1.0527562187935238,-1.729464628061905
1.3769688470665933,0.3873702111331129,-0.847143931595683,-1.469082252444618,2.3064013288021434,-0.1531586667283072,1.5560314965851834
0.2185821664639383,0.032332138376188,-0.847143931595683,2.2505919382306714,-1.0911655411569086,2.0778432623934298,0.8008345200667767
1.1548649545874066,0.2514480446651153,-0.847143931595683,-1.6633211135764872,0.9912141533341232,0.8543905915847354,2.2687074696675817
0.7164012358138396,0.5361815485592827,-0.847143931595683,-1.0514687010111,0.5528184281781163,-0.1531586667283072,1.3883430323305015
-1.2097756248246243,-0.8581924005520721,1.385294489496148,0.5655698179117091,0.5710849167262833,-0.1531586667283072,-1.5617761638072232
-0.6612173041755987,-0.8581924005520721,1.0538680572332149,-0.0657064807668648,-0.0499756939113927,0.8543905915847354,-0.0968976510681092
0.231027643197686,1.5263042267097828,-0.847143931595683,1.0608789137979744,-1.0911655411569086,-0.9088206104630892,-0.5945730574811117
-1.3897563652818965,1.438423515631336,0.6849216515065538,0.8423601950246218,0.004823771733108,-0.1531586667283072,-0.5298932212685916
0.1994352791812498,-0.8581924005520721,-0.847143931595683,1.0365990561564908,-1.0911655411569086,-0.6569332958848285,-1.0593096584155155
-0.1452086919071432,0.4775944078403182,-0.847143931595683,2.2505919382306714,-1.0911655411569086,-0.1531586667283072,0.600806137705835
0.0749805118437745,0.7084277422730382,-0.847143931595683,0.6432653623644564,-0.0865086710077266,-0.1531586667283072,0.6247616325993609
-0.4180518356854545,1.9246967835987407,-0.847143931595683,2.2505919382306714,-1.0911655411569086,-0.1531586667283072,-0.3436392484714271
-1.0278801956390835,0.2362153880781845,1.6526243004252117,-0.4541842030306027,0.6806838480152848,0.8543905915847354,0.788856772620014
-0.9311884148615064,0.578364289876937,-0.847143931595683,1.0608789137979744,-1.0911655411569086,-1.0527562187935238,-1.851637652018888
-0.2983837901686513,-0.8581924005520721,0.6489650102704809,0.2790674977422022,-0.0865086710077266,2.4376822832195164,0.3911955573874826
0.0883833329416563,-0.8581924005520721,0.6567816714087577,-0.6581350072190659,0.6258843823707843,2.4376822832195164,0.7876589978753374
0.5536526939109873,-0.8581924005520721,-0.847143931595683,0.1625241810630805,-1.0911655411569086,-0.1531586667283072,-0.2382350709399126
-0.508999550278225,3.150339767439479,-0.847143931595683,0.1965159817611571,-1.0911655411569086,-0.1531586667283072,0.232490403717873
0.2473024973879711,-0.8581924005520721,-0.847143931595683,0.5510019033268184,-1.0911655411569086,-1.0527562187935238,-1.3940876995525413
0.1515680609745286,-0.8581924005520721,-0.847143931595683,0.2110838963460478,-1.0911655411569086,-0.9088206104630892,-0.2909371597056698
2.094977120167412,-0.8581924005520721,-0.847143931595683,0.8909199103075891,-1.0911655411569086,-0.1531586667283072,0.4954019601743207
-0.6564305823549266,-0.8581924005520721,0.7224416249702821,-1.0806045301808802,0.8085492678524536,0.8543905915847354,0.5139674687168031
-0.4324120011474709,-0.8581924005520721,-0.847143931595683,0.5510019033268184,-1.0911655411569086,-0.1531586667283072,-0.6430829346405019
-1.0747900694816703,-0.3637169328840118,1.0960780273799091,-1.134020216992144,0.8816152220451215,0.8543905915847354,0.1995515982392746
-0.8699183755569032,-0.8581924005520721,1.1101480174288072,-0.7309745801435168,0.717216825111619,-1.0527562187935238,-1.3934888121802032
0.3602691323558334,1.6317610800039188,-0.847143931595683,-1.26027547672786,1.5209423212309643,0.8543905915847354,1.8135530666905877
2.3343132112010188,-0.8581924005520721,-0.847143931595683,0.3567630421949495,-1.0911655411569086,2.0778432623934298,1.3751675101390624
1.1376327560329869,-0.8581924005520721,-0.847143931595683,0.259643611629015,-1.0911655411569086,-0.9088206104630892,-0.340045924237398
-1.1216999433242574,1.05174838688617,1.153921319803157,0.7452407644586874,0.3701535426964469,-0.1531586667283072,-0.5143221495877996
1.070618650543577,-0.8581924005520721,-0.847143931595683,0.5024421880438512,-1.0911655411569086,-0.9088206104630892,-0.4837788935985541
0.390904152008135,-0.8581924005520721,-0.847143931595683,1.0365990561564908,-1.0911655411569086,-0.1531586667283072,-0.6370940609171203
1.0131779886955117,-0.6238438376762142,0.62238836240034,-1.197147846860002,1.5209423212309643,-1.0527562187935238,-0.7826236923952906
-0.2964691014403826,1.0962746138325834,-0.847143931595683,1.0608789137979744,-1.0911655411569086,-0.1531586667283072,0.0683952636972199
1.0284954985216626,0.2795698722102182,-0.847143931595683,-1.153444103105331,1.1190795731712917,0.8543905915847354,1.1607658308420048
1.3769688470665933,0.3873702111331129,-0.847143931595683,-1.3671068503503871,1.922805069290637,0.8543905915847354,1.7057533396697206
2.4779148658211825,-0.8581924005520721,-0.847143931595683,-0.4201924023325262,-1.0911655411569086,-0.9088206104630892,1.005654001406424
0.3143166028773809,0.844349908741036,0.922548150110166,-0.1336900821630192,0.3701535426964469,-0.1531586667283072,0.6235638578546844
0.6493871303244299,-0.8581924005520721,-0.847143931595683,0.5024421880438512,-1.0911655411569086,-1.0527562187935238,-1.2473602933296946
-1.6549407541471322,1.0447179299998943,-0.847143931595683,1.0608789137979744,-1.0911655411569086,2.0778432623934298,-0.3945446751201696
-0.6458997943494479,-0.8581924005520721,1.8839974701182025,-1.3039792204825291,0.7720162907561195,2.4376822832195164,0.8541354962048721
-1.0307522287314868,-0.2711492505480479,1.8652374833863383,-0.8183820676528569,0.0961562144739427,2.4376822832195164,1.2122701448630857
-0.2763648697935594,-0.8581924005520721,0.6974283093277965,-1.7167368003877508,1.5026758326827974,-0.6569332958848285,0.3876022331534536
-0.5626108346697527,-0.8581924005520721,0.6645983325470344,0.3713309567798402,-0.2691735564893961,-0.1531586667283072,-0.6544617947149266
1.3769688470665933,0.3873702111331129,-0.847143931595683,-1.3671068503503871,1.922805069290637,-0.1531586667283072,1.4655995033621227
-1.227007823379044,0.840834680297898,-0.847143931595683,-0.17739382591769,0.3701535426964469,-0.1531586667283072,-1.0066075696497585
-0.4324120011474709,-0.8581924005520721,-0.847143931595683,0.5995616186097856,-1.0911655411569086,2.0778432623934298,-0.8305346821823426
0.8982966649993804,0.2409023593357016,-0.847143931595683,-2.6733631914622062,3.183192779114156,0.8543905915847354,1.4602095170110796
-1.3332730477979653,1.0939311282038249,1.1804979676732976,-0.3959125446910426,0.8998817105932884,-0.1531586667283072,0.5265441035359043
-0.8277952235349888,-0.8581924005520721,0.7240049571979373,-0.779534295426484,0.2788210999556122,0.8543905915847354,-0.1112709480042249
-0.4324120011474709,-0.8581924005520721,-0.847143931595683,0.5510019033268184,-1.0911655411569086,-0.1531586667283072,-0.7017738971296403
-0.2849809690707693,-0.8581924005520721,1.0022780937205884,0.3324831845534658,0.0778897259257759,-1.0527562187935238,-1.359352231956929
-0.9493779577800608,-0.3285646484526331,1.0601213861438363,-0.556159605124835,0.4066865197927807,2.4376822832195164,0.7696923767051932
-0.2983837901686513,1.2509446653306495,0.6380216846768935,-1.1000284162940674,0.6441508709189511,-0.1531586667283072,1.9195561315944405
1.7982003672857405,0.5150901779004555,-0.847143931595683,-2.129494380292972,0.0778897259257759,-0.1531586667283072,1.86146405647764
0.5431219059055084,1.3564015186247855,-0.847143931595683,-0.3279289432948882,0.6441508709189511,2.1138271644760387,1.915363919988073
-0.8660889981003658,-0.8581924005520721,1.1132746818841182,-0.9494932989168692,0.333620565600113,0.8543905915847354,-0.0286244906215601
-1.0929796124002245,0.0253016814899124,1.763620888588741,-0.8572298398792313,0.35188705414828,-0.1531586667283072,0.3349001443876963
-0.412307769500648,-0.8581924005520721,0.6239516946279953,0.2450756970441243,0.1874886572147775,-0.1531586667283072,-0.3346559378863547
-0.2983837901686513,-0.8581924005520721,0.6489650102704809,0.4927302449872583,-0.1230416481040605,-1.0527562187935238,-1.6366370853494918
0.9653107704887902,-0.8581924005520721,-0.847143931595683,0.1625241810630805,-1.0911655411569086,-0.1531586667283072,0.0959440828247749
2.094977120167412,-0.8581924005520721,-0.847143931595683,0.8909199103075891,-1.0911655411569086,2.0778432623934298,0.6828537077161613
0.303785814871902,1.022454816526688,-0.847143931595683,-0.1968177120308772,0.662417359467118,-0.1531586667283072,0.9960718034490138
2.4779148658211825,-0.8581924005520721,-0.847143931595683,-0.4201924023325262,-1.0911655411569086,-1.0527562187935238,0.3486745539514739
-1.1408468306069457,1.5673152252130578,1.8417874999715085,1.6678753548350649,0.7354833136597858,-0.1531586667283072,0.2408748269306072
0.779585963846712,1.3564015186247855,-0.847143931595683,-0.8135260961245605,1.0277471304304568,-0.1531586667283072,2.124974500306425
0.8982966649993804,-0.8581924005520721,-0.847143931595683,0.2110838963460478,-1.0911655411569086,-0.9088206104630892,-0.5843919721513632
0.0366867372783975,1.3681189467685784,-0.847143931595683,-0.9057895551621984,0.2970875885037791,-0.1531586667283072,1.0637460765232245
-0.423795901870261,0.2162957602337366,0.2706386111778877,0.1625241810630805,0.004823771733108,-0.1531586667283072,-0.4304779174604587
-0.2792369028859628,-0.8581924005520721,-0.847143931595683,0.1625241810630805,-1.0911655411569086,-0.1531586667283072,-0.9658832283307645
0.6493871303244299,-0.8581924005520721,-0.847143931595683,0.5024421880438512,-1.0911655411569086,3.1573603248716897,0.3019613389090982
-1.273917697221631,-0.8581924005520721,1.2883678913815164,-1.1437321600487382,1.8497391150979696,-0.1531586667283072,-1.0694907437452643
-1.1015957116774344,-0.8581924005520721,1.7057775961654935,-0.2502333988421409,-0.2691735564893961,-1.0527562187935238,-1.500689651828732
-0.2983837901686513,-0.8581924005520721,-0.847143931595683,0.0168450352141788,-1.0911655411569086,-0.9088206104630892,-1.3827088394781164
-1.2298798564714477,0.83731945185476,-0.847143931595683,-0.1725378543893936,0.3701535426964469,-0.1531586667283072,-1.0066075696497585
0.1419946173331843,-0.8581924005520721,-0.847143931595683,0.5024421880438512,-1.0911655411569086,2.0778432623934298,-0.3849624771627593
0.4291979265735119,-0.8581924005520721,1.3102545425686911,0.8423601950246218,0.9181481991414552,-0.1531586667283072,0.2911813662070115
-1.265301597944421,0.5197771491579726,0.5864317211642671,0.0605487789688496,0.2057551457629443,-0.1531586667283072,-0.7365093647252532
0.2473024973879711,-0.8581924005520721,-0.847143931595683,0.5510019033268184,-1.0911655411569086,-0.1531586667283072,-0.496355528417655
-0.1930759101138645,0.3135504138272176,0.372255205975485,0.9394796255905564,0.5528184281781163,-0.1531586667283072,-0.2046973780889763
-0.2505165719619301,0.3018329856834247,0.3566218836989316,0.3567630421949495,0.004823771733108,-0.1531586667283072,-0.1208531459616355
2.3630335421250512,-0.8581924005520721,-0.847143931595683,0.1625241810630805,0.1692221686666106,-0.1531586667283072,1.258384472533123
-1.4280501398472734,1.5614565111411614,1.6682576227017651,-0.1336900821630192,-0.0865086710077266,-0.1531586667283072,-0.1501986272062045
1.367395403425249,-0.6004089813886284,1.2164546089093708,-0.6629909787473623,0.5345519396299495,-0.1531586667283072,2.1728854900934773
-0.6621746485397331,-0.8581924005520721,1.1038946885181855,-1.1000284162940674,0.333620565600113,0.8543905915847354,0.5546918100357973
0.1611415046158728,-0.8581924005520721,0.8256215519955347,0.2110838963460478,0.004823771733108,-0.1531586667283072,0.4085632911852889
-0.2983837901686513,-0.8581924005520721,0.6489650102704809,0.4927302449872583,-0.1230416481040605,-0.1531586667283072,-0.5149210369601378
1.0131779886955117,-0.6238438376762142,0.62238836240034,-1.197147846860002,1.0277471304304568,0.8543905915847354,1.5356693259256864
1.5109970580454128,1.2157923808992708,-0.847143931595683,0.2110838963460478,0.936414687689622,-0.9088206104630892,1.2146656943524383
-0.6621746485397331,0.7974801961658644,-0.847143931595683,1.0608789137979744,-1.0911655411569086,-1.0527562187935238,-1.737250163902301
-0.6458997943494479,0.291287300354011,-0.4641275358201238,0.0022771206292881,0.1692221686666106,0.8543905915847354,0.8954587248962047
-1.2078609360963557,1.286096949762028,-0.847143931595683,0.5510019033268184,0.5528184281781163,-0.1531586667283072,-0.7203394056721232
-0.4324120011474709,-0.8581924005520721,-0.847143931595683,0.5995616186097856,-1.0911655411569086,-0.1531586667283072,-1.0419419246177093
-0.4324120011474709,0.9814438180234129,-0.847143931595683,0.5024421880438512,-1.0911655411569086,-0.9088206104630892,-0.9221644501500794
-0.5961178874144576,-0.8581924005520721,1.0929513629245986,-1.124308273935551,0.9729476647859562,2.4376822832195164,0.6235638578546844
-1.161908406617903,2.0711646353961526,-0.847143931595683,-0.6435670926341752,1.1373460617194584,-0.1531586667283072,0.2181171067817573
0.1419946173331843,-0.8581924005520721,0.8256215519955347,1.910673931249901,0.9181481991414552,-0.1531586667283072,-0.2633883405781148
-0.6458997943494479,0.291287300354011,-0.4641275358201238,0.0022771206292881,0.1692221686666106,2.4376822832195164,1.0829104724380452
2.3343132112010188,-0.8581924005520721,-0.847143931595683,0.3567630421949495,-1.0911655411569086,-0.9088206104630892,0.3953877689938497
-1.0948943011284933,2.073508121024911,-0.847143931595683,1.0608789137979744,-1.0911655411569086,-0.9088206104630892,-1.2018448530319954
-0.2811515916142316,-0.8581924005520721,0.7146249638320054,-1.726448743444345,1.1738790388157925,0.8543905915847354,0.4983963970360113
-1.3390171139827718,1.6259023659320224,-0.847143931595683,1.0608789137979744,-1.0911655411569086,-0.1531586667283072,-0.3550181085458518
-1.0412830167369655,-0.6988353777964887,1.8480408288821295,-1.2068597899165947,-0.3422395106820639,-1.0527562187935238,-0.8700612487566606
-0.9302310704973722,0.149506419814117,2.12318730094947,1.5221962089861631,0.004823771733108,-0.1531586667283072,-0.771843719693204
-1.035538950552159,0.5010292641279039,-0.847143931595683,0.5024421880438512,-1.0911655411569086,2.0778432623934298,-0.2226639992591207
-0.0379861231240877,0.2877720719108732,-0.4641275358201238,-1.0174769003130235,0.954681176237789,2.4376822832195164,1.864458493339331
-0.6573879267190609,-0.8581924005520721,0.7224416249702821,-1.0854605017091767,0.4980189625336154,2.4376822832195164,0.4253321376107571
-0.0016070372869794,-0.8581924005520721,-0.847143931595683,0.2110838963460478,-1.0911655411569086,-0.9088206104630892,-1.276705774574264
-0.7770559722358641,-0.8581924005520721,-0.847143931595683,-0.0802743953517555,-1.0911655411569086,-0.9088206104630892,-1.6755647645514715
0.4196244829321677,-0.8581924005520721,-0.847143931595683,0.1139644657801133,-1.0911655411569086,-0.1531586667283072,-0.3142937672268576
-0.2849809690707693,-0.8581924005520721,1.0022780937205884,0.3324831845534658,0.0778897259257759,0.8543905915847354,0.0492308677823991
0.9078701086407248,-0.8581924005520721,-0.847143931595683,1.5998917534389103,-1.0911655411569086,-0.1531586667283072,-0.2304495350995168
2.2481522184289204,-0.8581924005520721,-0.847143931595683,-0.9543492704451656,0.4066865197927807,-0.1531586667283072,0.3325045948983437
-1.0834061687588803,-0.3648886756983912,1.71359425730377,0.1625241810630805,-0.0499756939113927,-1.0527562187935238,-1.680954750902515
0.8915952544504396,-0.8581924005520721,-0.847143931595683,0.4150347005345096,0.1326891915702767,-0.1531586667283072,0.1941616118882314
-0.0111804809283237,0.6533558299972116,0.7161882960596606,-0.4687521176154934,0.5528184281781163,-0.1531586667283072,1.0182306362255251
1.5780111635348226,-0.5769741251010426,0.3878885282520384,-0.9543492704451656,1.0277471304304568,-0.1531586667283072,0.5151652434614796
-0.6458997943494479,-0.8581924005520721,1.8839974701182025,-1.3039792204825291,0.7720162907561195,0.8543905915847354,0.6481182401205487
2.0088161273953142,-0.5535392688134568,1.0757547084203898,0.9394796255905564,-0.3787724877783978,-0.9088206104630892,0.1258884514416823
1.1376327560329869,-0.8581924005520721,-0.847143931595683,0.259643611629015,-1.0911655411569086,-0.1531586667283072,0.4720453526531329
0.3928188407364037,-0.8581924005520721,0.960068123573894,0.6966810491757202,0.8085492678524536,-0.1531586667283072,-0.2777616375142305
2.094977120167412,-0.8581924005520721,-0.847143931595683,0.8909199103075891,-1.0911655411569086,-0.1531586667283072,0.9116286839493344
-1.2097756248246243,1.2907839210195453,-0.847143931595683,0.5655698179117091,0.5710849167262833,-0.1531586667283072,-0.7203394056721232
-1.4175193518417948,1.604810995273195,-0.847143931595683,0.6821131345908295,-0.5249043961637333,-0.1531586667283072,-0.411912408917976
-0.2600900156032743,-0.8581924005520721,-0.847143931595683,0.7938004797416546,-1.0911655411569086,-0.1531586667283072,-0.4903666546942737
-1.1791406051723228,-0.8581924005520721,2.201353912332237,1.8621142159669335,0.9181481991414552,-0.1531586667283072,-1.6336426484878013
-1.3131688161511423,-0.8581924005520721,1.8886874668011688,-1.1485881315770348,2.196802397513141,-0.1531586667283072,-1.2216081363191542
-0.7435489194911592,2.7191384117479,-0.847143931595683,1.0608789137979744,-1.0911655411569086,-0.9088206104630892,-0.9748665389158369
-1.227007823379044,0.840834680297898,0.9194214856548554,-0.17739382591769,0.3701535426964469,-0.1531586667283072,-0.6143363407682707
-0.8392833559046018,2.5422052467766267,-0.847143931595683,0.1965159817611571,-1.0911655411569086,-0.1531586667283072,-0.1909229685251987
-1.247112055025867,-0.8581924005520721,2.027824035062494,-0.7309745801435168,1.0277471304304568,-0.1531586667283072,-1.212624825734082
-1.3926283983742995,1.5263042267097828,-0.847143931595683,0.1965159817611571,-1.0911655411569086,-0.1531586667283072,-1.0551174468091489
2.3343132112010188,-0.8581924005520721,-0.847143931595683,0.3567630421949495,-1.0911655411569086,-0.1531586667283072,1.5632181450532414
0.9413771613854296,0.913482734789414,-0.847143931595683,-1.3476829642372,1.8132061380016355,-1.0527562187935238,-0.432274579577473
-0.4927246960879398,-0.8581924005520721,1.000714761492933,0.6578332769493458,0.0230902602812749,0.8543905915847354,-0.2675805521844819
-0.7435489194911592,2.7191384117479,-0.847143931595683,1.0608789137979744,-1.0911655411569086,-0.1531586667283072,0.3510701034408265
-1.2940219288684538,1.1689226683240992,-0.847143931595683,0.0168450352141788,-0.5431708847119002,-0.1531586667283072,-0.7233338425338139
1.0409409752554095,1.3564015186247855,-0.847143931595683,-1.7361606865009378,2.927461939439819,0.8543905915847354,2.610073271900327
0.7451215667378724,-0.6355612658200072,1.3571545093983517,-1.3428269927089036,0.8998817105932884,-0.1531586667283072,1.417688513575071
-0.4180518356854545,1.9246967835987407,-0.847143931595683,2.2505919382306714,-1.0911655411569086,-0.1531586667283072,0.1552339326862514
1.9035082473405271,-0.8581924005520721,-0.847143931595683,0.5024421880438512,-1.0911655411569086,-1.0527562187935238,-0.6838072759594961
1.0284954985216626,0.2795698722102182,-0.847143931595683,-1.153444103105331,1.1190795731712917,2.1138271644760387,1.3044988002031608
-1.5180405100759096,1.2966426350914415,-0.847143931595683,1.0608789137979744,-1.0911655411569086,-0.1531586667283072,-0.6903950370552157
-1.1408468306069457,1.649337222219608,1.7167209217590806,0.9880393408735236,0.7354833136597858,-0.1531586667283072,-0.3095026682481525
-0.0781945864177335,-0.8581924005520721,0.5598550732941263,0.8423601950246218,0.9181481991414552,-0.1531586667283072,-0.2142795760463865
-1.3514625907165194,0.7002255425723832,0.763088262889321,0.8909199103075891,0.1874886572147775,-0.1531586667283072,0.037253120335636
-1.3859269878253586,1.03534398748486,1.1195280107947392,-0.4881760037286806,0.8085492678524536,-0.1531586667283072,-0.4041268730775801
0.6493871303244299,-0.8581924005520721,-0.847143931595683,0.5024421880438512,-1.0911655411569086,-0.1531586667283072,-0.1322320060360602
1.3769688470665933,0.3873702111331129,-0.847143931595683,-1.3671068503503871,1.922805069290637,-0.9088206104630892,0.8014334074391152
-0.6746201252734807,2.845686635700863,-0.847143931595683,0.1965159817611571,-1.0911655411569086,-0.9088206104630892,-0.8383202180227385
-0.4927246960879398,-0.8581924005520721,1.000714761492933,0.6578332769493458,0.0230902602812749,-0.6569332958848285,-0.8083758494058311
1.9035082473405271,-0.8581924005520721,-0.847143931595683,0.5024421880438512,-1.0911655411569086,2.0778432623934298,1.105668192586895
-1.3926283983742995,1.5263042267097828,-0.847143931595683,0.1965159817611571,-1.0911655411569086,-0.9088206104630892,-1.6953280478386308
0.0654070682024303,1.3915538030561645,-0.847143931595683,0.5024421880438512,-1.0911655411569086,-0.9088206104630892,-0.7365093647252532
-0.9876717323454376,0.6627297725122461,1.0069680904035545,-0.085130366880052,-0.4335719534228985,2.4376822832195164,0.8487455098538289
-0.3979476040386316,-0.6004089813886284,-0.847143931595683,0.1965159817611571,-1.0911655411569086,-0.9088206104630892,-0.6227207639810046
-1.4280501398472734,1.5673152252130578,1.6698209549294205,-0.1288341106347228,-0.1778411137485613,-0.1531586667283072,-0.150797514578543
0.1611415046158728,-0.8581924005520721,0.8256215519955347,-0.8572298398792313,1.283477970104794,-0.1531586667283072,0.0025176527400234
-0.6612173041755987,-0.8581924005520721,1.0538680572332149,-0.0657064807668648,-0.0499756939113927,-0.1531586667283072,-0.6538629073425886
0.4962120320629217,-0.6531374080356964,1.7010875994825274,-0.7115506940303296,2.178535908964974,-0.1531586667283072,0.6864470319501903
0.1994352791812498,-0.8581924005520721,-0.847143931595683,1.0365990561564908,-1.0911655411569086,-0.1531586667283072,-0.543667630832369
-1.3035953725097982,0.5010292641279039,1.013221419314176,0.1139644657801133,-0.0499756939113927,-0.1531586667283072,-0.3987368867265367
0.994031101412823,-0.8581924005520721,-0.847143931595683,0.2110838963460478,-1.0911655411569086,-0.6569332958848285,-0.4729989208964672
-1.265301597944421,1.907120641383052,-0.847143931595683,-0.2745132564836245,1.283477970104794,-0.1531586667283072,-0.1711596852380398
-0.8699183755569032,-0.8581924005520721,1.1101480174288072,-0.9592052419734622,0.717216825111619,0.8543905915847354,0.1642172432713239
-0.7904587933337461,0.6931950856861075,-0.847143931595683,0.5024421880438512,-1.0911655411569086,-0.1531586667283072,0.5079785949934216
0.4770651447802332,-0.8581924005520721,-0.847143931595683,0.5024421880438512,-1.0911655411569086,-0.1531586667283072,0.1905682876542024
-0.2983837901686513,-0.8581924005520721,-0.847143931595683,0.0168450352141788,-1.0911655411569086,-0.1531586667283072,-0.8952145183948627
-1.0929796124002245,1.3329666623371998,2.201353912332237,0.1625241810630805,0.1874886572147775,-0.1531586667283072,-0.7143505319487415
-0.0399008118523564,-0.8581924005520721,-0.847143931595683,0.453882472760884,-1.0911655411569086,-0.1531586667283072,-0.5897819585024066
0.1419946173331843,-0.8581924005520721,-0.847143931595683,0.2110838963460478,-1.0911655411569086,-0.9088206104630892,-1.01259644337314
0.4962120320629217,-0.8581924005520721,-0.847143931595683,0.5024421880438512,-1.0911655411569086,-0.1531586667283072,-0.2304495350995168
0.2760228283120039,-0.8581924005520721,-0.847143931595683,0.5024421880438512,-1.0911655411569086,3.1573603248716897,0.1726016664840581
-1.1753112277157851,-0.8581924005520721,2.199790580104582,1.847546301382043,0.9181481991414552,-0.1531586667283072,-1.6336426484878013
-1.4184766962059292,1.4852932282065074,-0.847143931595683,0.5024421880438512,-1.0911655411569086,2.0778432623934298,0.0462364309207085
1.855641029133806,0.533838062930524,-0.847143931595683,-0.0268587085404918,0.5345519396299495,-0.9088206104630892,1.184721325735531
1.070618650543577,-0.8581924005520721,-0.847143931595683,0.5024421880438512,-1.0911655411569086,-0.1531586667283072,0.225303755249815
0.4770651447802332,-0.8581924005520721,-0.847143931595683,0.5024421880438512,-1.0911655411569086,-0.9088206104630892,-1.100632887106848
0.334420834524204,1.6106697093450917,-0.847143931595683,0.1965159817611571,-1.0911655411569086,-0.1531586667283072,0.1726016664840581
-1.112126499682913,-0.8581924005520721,1.3978011473173906,-0.8669417829358241,-1.0911655411569086,-1.0527562187935238,-1.2826946482976456
2.0088161273953142,-0.5535392688134568,1.0757547084203898,1.3765170631372614,-0.3787724877783978,-0.9088206104630892,-0.1394186545041178
0.9461638832061018,0.2549632731082531,-0.847143931595683,2.2505919382306714,-1.0911655411569086,-0.1531586667283072,0.2959724651857166
-0.7904587933337461,0.6931950856861075,-0.847143931595683,0.5024421880438512,-1.0911655411569086,-0.1531586667283072,0.353465652930179
0.1324211736918401,-0.8581924005520721,-0.847143931595683,0.1625241810630805,-1.0911655411569086,-0.1531586667283072,-0.6370940609171203
-1.227007823379044,1.942272925814431,-0.847143931595683,0.8909199103075891,0.004823771733108,-0.1531586667283072,-0.5364809823643112
-0.8660889981003658,-0.8581924005520721,1.1132746818841182,-0.9494932989168692,0.333620565600113,-0.6569332958848285,-0.883835658320438
0.779585963846712,1.3564015186247855,-0.847143931595683,-0.8135260961245605,1.0277471304304568,-0.1531586667283072,2.124974500306425
0.5823730248350201,-0.4129301310879421,-0.847143931595683,2.2505919382306714,-1.0911655411569086,-0.1531586667283072,0.9763085201618544
-1.2078609360963557,1.297814377905821,1.3884211539514586,0.5995616186097856,0.5528184281781163,-0.1531586667283072,-0.4089179720562854
-0.6458997943494479,0.291287300354011,-0.4641275358201238,0.0022771206292881,0.1692221686666106,-0.6569332958848285,-0.3250737399289443
1.0131779886955117,-0.6238438376762142,0.62238836240034,-1.197147846860002,1.4478763670382968,-1.0527562187935238,-0.6173307776299612
0.9653107704887902,-0.8581924005520721,-0.847143931595683,0.2110838963460478,-1.0911655411569086,-0.9088206104630892,-0.707762770853022
0.9078701086407248,-0.8581924005520721,-0.847143931595683,1.5998917534389103,-1.0911655411569086,2.4376822832195164,0.4337165608234913
-0.9551220239648672,-0.8581924005520721,1.763620888588741,-0.5852954342946151,0.2970875885037791,2.4376822832195164,0.5720595438336036
-0.2849809690707693,-0.8581924005520721,1.0022780937205884,0.546145931798522,-0.0317092053632258,-1.0527562187935238,-1.4276253924034776
-0.4324120011474709,0.9814438180234129,-0.847143931595683,0.5024421880438512,-1.0911655411569086,-1.0527562187935238,-1.332402300201712
1.1089124251089542,-0.6566526364788343,1.6229209880997602,-0.7115506940303296,2.708264076861816,-0.1531586667283072,1.1877157625972214
0.9700974923094624,-0.8581924005520721,-0.847143931595683,0.1965159817611571,-1.0911655411569086,-0.1531586667283072,0.0971418575694509
0.7068277921724954,-0.6355612658200072,0.6692883292300004,-1.7798644302556086,1.1556125502676258,-0.1531586667283072,1.1757380151504586
0.5431219059055084,1.3564015186247855,-0.847143931595683,-0.3279289432948882,0.6441508709189511,-0.1531586667283072,0.8433555235027854
0.2760228283120039,-0.8581924005520721,-0.847143931595683,0.5024421880438512,-1.0911655411569086,-1.0527562187935238,-1.5539906279668274
1.5780111635348226,-0.5769741251010426,0.3878885282520384,-0.9543492704451656,1.0277471304304568,-0.1531586667283072,1.270362219979886
-1.1887140488136672,1.907120641383052,-0.847143931595683,0.5024421880438512,-1.0911655411569086,2.0778432623934298,0.4528809567383121
1.1548649545874066,0.2514480446651153,-0.847143931595683,-1.6633211135764872,0.9912141533341232,-0.1531586667283072,1.957286036051744
0.3851600858233282,-0.8581924005520721,1.1523579875755017,0.0411248928556625,1.00948064188229,-0.1531586667283072,0.0869607722397027
0.0271132936370532,-0.6824309783951787,1.3571545093983517,-0.1288341106347228,-0.0865086710077266,-1.0527562187935238,-1.3425833855314606
-1.1695671615309786,0.8877043928730696,0.9663214524845156,-0.3230729717665917,1.648807741068133,-0.1531586667283072,-0.4873722178325829
-0.0130951696565924,0.6521840871828325,0.7224416249702821,-0.4493282315023063,0.6441508709189511,-0.1531586667283072,1.0188295235978633
-0.1452086919071432,0.4775944078403182,-0.847143931595683,2.2505919382306714,-1.0911655411569086,-0.1531586667283072,0.7714890388222077
0.2760228283120039,-0.8581924005520721,-0.847143931595683,0.5024421880438512,-1.0911655411569086,2.0778432623934298,-0.0681510571958782
0.2185821664639383,0.032332138376188,-0.847143931595683,2.2505919382306714,-1.0911655411569086,-0.1531586667283072,0.7181880626841123
0.0491322140121451,1.4958389135359211,-0.847143931595683,-1.7944323448404995,0.954681176237789,0.8543905915847354,2.2261864662315727
0.5823730248350201,-0.4129301310879421,-0.847143931595683,2.2505919382306714,-1.0911655411569086,2.0778432623934298,0.8768932163537219
1.0131779886955117,-0.6238438376762142,0.62238836240034,-1.197147846860002,1.4478763670382968,-0.9088206104630892,0.6038005745675256
2.094977120167412,-0.8581924005520721,-0.847143931595683,-2.0226630066704447,-0.3605059992302308,-0.1531586667283072,1.9015895104242952
-0.5626108346697527,-0.8581924005520721,0.6645983325470344,0.3713309567798402,-0.2691735564893961,0.8543905915847354,-0.3813691529287304
0.994031101412823,-0.8581924005520721,-0.847143931595683,0.2110838963460478,-1.0911655411569086,-1.1247240229587412,-1.7695900820085613
-0.8699183755569032,-0.8581924005520721,1.1101480174288072,-0.9592052419734622,0.717216825111619,-0.1531586667283072,-0.4400601154178691
-1.2078609360963557,-0.8581924005520721,1.3884211539514586,0.5510019033268184,0.5528184281781163,-0.1531586667283072,-1.5617761638072232
0.6493871303244299,-0.8581924005520721,-0.847143931595683,0.5024421880438512,-1.0911655411569086,-0.1531586667283072,0.3133401989835229
-0.4180518356854545,1.9246967835987407,-0.847143931595683,2.2505919382306714,-1.0911655411569086,2.0778432623934298,-0.1615774872806296
-1.4184766962059292,1.6024675096444363,-0.847143931595683,0.6966810491757202,-0.5431708847119002,-0.1531586667283072,-0.2867449480993027
-0.0580903547709103,-0.8581924005520721,1.0507413927779043,-1.075748558652584,0.717216825111619,0.8543905915847354,1.2595822472777995
2.094977120167412,-0.8581924005520721,-0.847143931595683,0.8909199103075891,-1.0911655411569086,-0.9088206104630892,-0.1561875009295861
-1.0948943011284933,2.073508121024911,-0.847143931595683,1.0608789137979744,-1.0911655411569086,2.0778432623934298,0.4642598168127368
0.2760228283120039,-0.8581924005520721,-0.847143931595683,0.5024421880438512,-1.0911655411569086,2.0778432623934298,-0.0034712209833581
-1.0747900694816703,-0.3637169328840118,1.0960780273799091,-1.134020216992144,0.8816152220451215,-0.6569332958848285,-0.7371082520975911
0.0654070682024303,1.3915538030561645,-0.847143931595683,0.5024421880438512,-1.0911655411569086,2.0778432623934298,0.8810854279600889
-0.2983837901686513,-0.8581924005520721,0.6489650102704809,0.2790674977422022,-0.0865086710077266,-0.1531586667283072,-0.3951435624925079
0.4770651447802332,-0.8581924005520721,-0.847143931595683,0.5024421880438512,-1.0911655411569086,-1.0527562187935238,-1.2880846346486887
-1.0891502349436868,0.6639015153266253,1.163301313169089,-0.2987931141251081,0.333620565600113,2.4376822832195164,1.0685371755019295
-0.6478144830777166,-0.8581924005520721,1.8761808089799257,-1.0903164732374746,1.0460136189786238,0.8543905915847354,0.9248042061407736
-0.4726204644411167,-0.8581924005520721,1.0538680572332149,-0.371632687049559,0.1326891915702767,-0.6569332958848285,-0.5418709687153546
2.3343132112010188,-0.8581924005520721,-0.847143931595683,0.3567630421949495,-1.0911655411569086,-1.0527562187935238,-0.1208531459616355
-1.3514625907165194,1.0634658150299632,1.153921319803157,0.1625241810630805,0.004823771733108,-0.1531586667283072,-0.0352122517172801
-0.4726204644411167,-0.8581924005520721,1.0538680572332149,-0.371632687049559,0.1326891915702767,-1.0527562187935238,-1.220410361574478
-0.8660889981003658,-0.8581924005520721,1.1132746818841182,-0.9494932989168692,0.333620565600113,-0.1531586667283072,-0.5640298014918661
0.5431219059055084,1.3564015186247855,-0.847143931595683,-0.3279289432948882,0.6441508709189511,0.8543905915847354,1.4416440084685969
-0.950335302144195,2.3383219970746305,-0.847143931595683,0.1965159817611571,-1.0911655411569086,-0.1531586667283072,-0.4718011461517909
0.4770651447802332,-0.8581924005520721,-0.847143931595683,0.5024421880438512,-1.0911655411569086,2.0778432623934298,0.1252895640693439
1.855641029133806,-0.8581924005520721,-0.847143931595683,-0.9543492704451656,0.6441508709189511,-0.1531586667283072,1.3595964384582706
-0.7770559722358641,0.7002255425723832,-0.847143931595683,0.5024421880438512,-1.0911655411569086,-0.9088206104630892,-1.116802846159978
1.5780111635348226,-0.5769741251010426,0.3878885282520384,-0.9543492704451656,1.0277471304304568,-1.0527562187935238,-0.6466762588745307
0.390904152008135,-0.8581924005520721,-0.847143931595683,1.0365990561564908,-1.0911655411569086,-0.6569332958848285,-0.9012033921182444
0.4770651447802332,-0.8581924005520721,-0.847143931595683,0.5024421880438512,-1.0911655411569086,-1.0527562187935238,-1.3353967370634028
1.1548649545874066,0.2514480446651153,-0.847143931595683,-1.6633211135764872,0.9912141533341232,-0.9088206104630892,1.0948882198848084
0.1400799286049156,-0.8581924005520721,-0.847143931595683,0.1965159817611571,-1.0911655411569086,-0.9088206104630892,-1.2563436039147668
2.0959344645315467,-0.8581924005520721,-0.847143931595683,0.8909199103075891,-0.5431708847119002,-0.1531586667283072,0.4977975096636733
2.4779148658211825,-0.8581924005520721,-0.847143931595683,-0.9543492704451656,-0.634503327452735,-0.1531586667283072,1.5614214829362267
0.1620988489800075,-0.8581924005520721,0.8334382131338114,-0.8766537259924184,1.2469449930084604,-0.1531586667283072,0.0031165401123614
-1.1025530560415688,2.1848236883909435,-0.847143931595683,0.075116693553739,1.2286785044602933,-0.1531586667283072,0.1258884514416823
1.1089124251089542,-0.8581924005520721,-0.847143931595683,0.1965159817611571,-1.0911655411569086,-0.1531586667283072,-0.1639730367699822
-1.3131688161511423,-0.6824309783951787,2.201353912332237,-0.2745132564836245,0.004823771733108,-0.1531586667283072,-1.2263992352978594
1.3769688470665933,0.3873702111331129,-0.847143931595683,-1.3671068503503871,1.922805069290637,-1.0527562187935238,-0.1448086408551614
-0.6612173041755987,-0.8581924005520721,1.0538680572332149,-0.0657064807668648,-0.0499756939113927,-0.6569332958848285,-0.8922200815331719
-0.8727904086493067,1.3681189467685784,-0.847143931595683,2.2505919382306714,-1.0911655411569086,-0.1531586667283072,1.070333837618944
0.3076151923284401,0.840834680297898,-0.847143931595683,-0.1531139682762064,0.3701535426964469,-0.1531586667283072,0.3061535505154653
-0.0016070372869794,-0.8581924005520721,-0.847143931595683,0.2110838963460478,-1.0911655411569086,-0.1531586667283072,-0.8011892009377732
1.367395403425249,-0.6004089813886284,1.2164546089093708,-0.17739382591769,0.4614859854372816,-1.0527562187935238,-0.2280539856101642
-0.8699183755569032,-0.8581924005520721,1.1101480174288072,-0.7309745801435168,0.717216825111619,-0.6569332958848285,-0.9820531873838944
-0.2983837901686513,-0.8581924005520721,0.6489650102704809,0.4927302449872583,-0.1230416481040605,0.8543905915847354,0.228897079483844
0.4253685491169745,1.091587642575066,-0.847143931595683,-0.371632687049559,0.5345519396299495,-0.1531586667283072,1.5224938037342473
-0.6344116619798347,-0.2277947664160143,1.0585580539161812,-1.2651314482561562,0.662417359467118,-0.1531586667283072,0.98109961914056
0.779585963846712,1.3564015186247855,-0.847143931595683,-0.8135260961245605,1.0277471304304568,-1.0527562187935238,-0.031020040110913
0.1534827497027973,-0.8581924005520721,0.9897714358993458,-0.3327849148231846,0.6441508709189511,-1.0527562187935238,-0.8329302316716952
0.0271132936370532,0.5478989767030756,-0.847143931595683,-0.6629909787473623,0.1874886572147775,-0.1531586667283072,0.3061535505154653
-1.1714818502592472,1.932898983299396,-0.847143931595683,0.1965159817611571,-1.0911655411569086,-0.1531586667283072,-0.8832367709480997
-0.6458997943494479,-0.8581924005520721,1.8839974701182025,-1.3039792204825291,0.7720162907561195,-0.6569332958848285,-0.1250453575680025
0.5536526939109873,-0.8581924005520721,-0.847143931595683,0.1625241810630805,-1.0911655411569086,-0.9088206104630892,-0.8778467845970565
-0.4927246960879398,-0.8581924005520721,1.000714761492933,0.6578332769493458,0.0230902602812749,-0.1531586667283072,-0.675422852746762
-0.8727904086493067,1.3681189467685784,-0.847143931595683,2.2505919382306714,-1.0911655411569086,2.0778432623934298,0.3899977826428061
-0.2811515916142316,-0.8581924005520721,0.7146249638320054,-1.726448743444345,1.1738790388157925,-0.6569332958848285,-0.1472041903445139
0.5536526939109873,-0.8581924005520721,-0.847143931595683,0.7452407644586874,-1.0911655411569086,-0.6569332958848285,-0.5257010096622245
2.286445992994297,-0.8581924005520721,-0.847143931595683,-0.3230729717665917,-0.1413081366522274,-0.1531586667283072,0.9104309092046584
-0.4726204644411167,-0.8581924005520721,1.0538680572332149,-0.371632687049559,0.1326891915702767,2.4376822832195164,0.600207250333497
0.8982966649993804,0.2409023593357016,-0.847143931595683,-2.6733631914622062,3.183192779114156,2.1138271644760387,1.5979536126488538
0.2760228283120039,0.8173998240103122,-0.847143931595683,-0.6629909787473623,0.7354833136597858,-0.1531586667283072,0.5678673322272365
1.400902456169954,-0.3016145637219095,-0.847143931595683,2.2505919382306714,-1.0911655411569086,-0.1531586667283072,0.3606523013982371
-0.2964691014403826,1.0962746138325834,-0.847143931595683,1.0608789137979744,-1.0911655411569086,2.0778432623934298,0.7121991889607308
2.3343132112010188,-0.8581924005520721,-0.847143931595683,0.3567630421949495,-1.0911655411569086,-0.1531586667283072,1.2050834963950277
1.5780111635348226,-0.5769741251010426,0.3878885282520384,-0.9543492704451656,0.7902827793042868,0.8543905915847354,1.1350136738314645
-0.1595688573691596,0.4424421234089395,0.5051384453261892,0.6724011915342365,-0.0134427168150588,-0.1531586667283072,0.3426856802280923
2.0088161273953142,-0.5535392688134568,1.0757547084203898,0.9394796255905564,-0.3787724877783978,-1.0527562187935238,-0.3753802792053489
-1.2174343797377,0.8291172521541051,0.903788163378302,1.8621142159669335,0.7354833136597858,-0.1531586667283072,-1.1569283001066342
-0.4927246960879398,-0.8581924005520721,1.000714761492933,0.6578332769493458,0.0230902602812749,2.4376822832195164,0.3019613389090982
-0.2457298501412579,1.1372856123358586,-0.847143931595683,0.1965159817611571,-1.0911655411569086,-0.1531586667283072,-0.2256584361208117
-1.2078609360963557,1.286096949762028,-0.847143931595683,0.5510019033268184,0.5528184281781163,-0.1531586667283072,-1.0503263478304434
0.9700974923094624,-0.8581924005520721,-0.847143931595683,0.1965159817611571,-1.0911655411569086,-0.9088206104630892,-0.7035705592466549
0.2147527890074009,0.7810757967645543,-0.847143931595683,1.5464760666276467,0.0413567488294419,-0.1531586667283072,-0.1436108661104849
0.231027643197686,1.5263042267097828,-0.847143931595683,1.0608789137979744,-1.0911655411569086,-1.0527562187935238,-1.298265719978437
-1.3227422597924867,1.1267399270064449,1.3837311572684925,0.4393145581759932,0.4432194968891148,-0.1531586667283072,-0.3646003065032622
-0.4534735771584282,-0.8581924005520721,0.631768355766272,0.7889445082133582,-0.2509070679412292,-1.0527562187935238,-1.5234473719775814
0.1419946173331843,-0.8581924005520721,-0.847143931595683,0.5024421880438512,-1.0911655411569086,-0.1531586667283072,-0.8485013033524872
-0.0399008118523564,0.5104032066429383,0.5754883955706798,0.4344585866476968,0.1874886572147775,-0.1531586667283072,0.4648587041850748
-0.7435489194911592,2.7191384117479,-0.847143931595683,1.0608789137979744,-1.0911655411569086,-1.0527562187935238,-1.5725561365093097
1.5780111635348226,-0.5769741251010426,0.3878885282520384,-0.9543492704451656,1.0277471304304568,-1.0527562187935238,-0.027426715876884
-1.035538950552159,0.5010292641279039,-0.847143931595683,0.5024421880438512,-1.0911655411569086,-0.1531586667283072,-0.6909939244275537
1.367395403425249,-0.6004089813886284,1.2164546089093708,-0.17739382591769,0.4614859854372816,-0.9088206104630892,0.1905682876542024
0.2185821664639383,0.032332138376188,-0.847143931595683,2.2505919382306714,-1.0911655411569086,-0.1531586667283072,0.9062386975982912
1.5780111635348226,-0.5769741251010426,0.3878885282520384,-0.9543492704451656,0.7902827793042868,-0.1531586667283072,1.0523672164487996
-0.5779283444959035,0.8666130222142423,-0.847143931595683,0.1965159817611571,-1.0911655411569086,-0.1531586667283072,-0.6029574806938458
0.7164012358138396,-0.8581924005520721,1.3727878316749051,0.5510019033268184,0.9181481991414552,-0.1531586667283072,0.3025602262814362
2.094977120167412,-0.8581924005520721,-0.847143931595683,0.8909199103075891,-1.0911655411569086,-1.0527562187935238,-0.5843919721513632
-0.2983837901686513,-0.8581924005520721,0.6489650102704809,0.2790674977422022,-0.0865086710077266,0.8543905915847354,0.1504428337075463
-1.355291968173057,1.5954370527581605,-0.847143931595683,0.5024421880438512,-1.0911655411569086,-0.1531586667283072,-0.4538345249816466
0.1391225842407809,-0.8581924005520721,0.6474016780428254,-0.493031975256977,0.5345519396299495,2.4376822832195164,0.9715174211831494
-1.112126499682913,0.6474971159253152,1.218017941137026,-0.3182170002382953,0.3884200312446138,2.4376822832195164,1.1499858581399185
0.779585963846712,1.3564015186247855,-0.847143931595683,-0.8135260961245605,1.0277471304304568,0.8543905915847354,2.484306923709315
-0.2849809690707693,-0.8581924005520721,1.0022780937205884,0.3324831845534658,-0.0317092053632258,-0.1531586667283072,-0.3693914054819675
-0.082023963874271,-0.8581924005520721,0.5536017443835048,0.8277922804397311,0.8450822449487874,-0.1531586667283072,-0.2136806886740485
-0.4534735771584282,-0.8581924005520721,0.631768355766272,0.7889445082133582,-0.2509070679412292,-0.1531586667283072,-0.7772337060442474
2.286445992994297,-0.8581924005520721,-0.847143931595683,-0.5658715481814279,-0.1413081366522274,-0.1531586667283072,1.4650006159897848
1.070618650543577,-0.8581924005520721,-0.847143931595683,0.5024421880438512,-1.0911655411569086,2.0778432623934298,0.7768790251732508
-1.0278801956390835,0.2362153880781845,1.6526243004252117,-0.4541842030306027,0.6806838480152848,-1.0527562187935238,-1.1976526414256283
1.0131779886955117,-0.6238438376762142,0.62238836240034,-1.197147846860002,1.5209423212309643,-0.9088206104630892,0.0612086152291623
0.1534827497027973,-0.8581924005520721,0.9897714358993458,-0.3327849148231846,0.6441508709189511,2.4376822832195164,1.25299448618208
0.4770651447802332,-0.8581924005520721,-0.847143931595683,0.5024421880438512,-1.0911655411569086,-0.1531586667283072,0.324719059057948
-0.0389434674882218,-0.8581924005520721,0.6755416581406218,-1.02233287184132,1.064280107526791,2.4376822832195164,1.1871168752248833
-1.3390171139827718,1.6259023659320224,-0.847143931595683,1.0608789137979744,-1.0911655411569086,-0.9088206104630892,-1.5228484846052437
0.4071790061984201,2.45549627851256,-0.847143931595683,0.1042525227235204,0.7902827793042868,-0.1531586667283072,2.328596206901397
-1.4184766962059292,1.4852932282065074,-0.847143931595683,0.5024421880438512,-1.0911655411569086,-0.1531586667283072,-0.475993357758158
-1.1695671615309786,1.3329666623371998,-0.847143931595683,-0.2745132564836245,0.9181481991414552,-0.1531586667283072,-0.183137432684803
0.0491322140121451,1.4958389135359211,-0.847143931595683,-1.7944323448404995,0.954681176237789,-1.0527562187935238,-0.6838072759594961
-0.3290188098209529,-0.8581924005520721,1.108584685201152,-1.8624159462366523,1.1008130846231248,-0.6569332958848285,0.3834100215470865
-0.8699183755569032,-0.8581924005520721,1.1101480174288072,-0.7309745801435168,0.717216825111619,2.4376822832195164,-0.1352264428977508
1.855641029133806,0.533838062930524,-0.847143931595683,-0.0268587085404918,0.5345519396299495,-0.1531586667283072,1.9453082886049808
0.3143166028773809,-0.8581924005520721,0.9194214856548554,-0.5658715481814279,0.7354833136597858,-0.1531586667283072,0.1582283695479424
